【整租】贝客公寓 角门 北京南站店,角门,4000-4200,http://bj.58.com///legoclick.58.com/cpaclick?target=pZwY0jCfsvFJsWN3shPfUiqkpyOkmy-MUvOMXgNfn1EOnjDOP1T1PHD3nHu3sMPCIAd_TyEVm1wWrHFhnjcVPhuWnBYYnvFbsycvryNVPHczmynYuADduW9vTHEYPW0YPHTYP1n3PH9zTED1PjbknHbLnjndnH9QP9DvnjTknjTKPWTknjTkTH0knHnYTHDKnHN1nWmLrHTzn1EkPEDQTNujsgKWsyQG0Lw_uyuYTHDKnE7hmyOMmv66U-tznjD3njNQP7qBmgP-xjDKsHDKTHcYrHDQPHDYPWnYnHn3PTDkTHDQnWc3rWcknjKxPjTknTDQTynkujbQryDksyuBujcVPjNYuidBnHndsHDvmHnLnW9kn1PhnTDzPHTvnjbzrH9On1ELrHcKnWNkPWTOnWb3rHDOPjEkTEDYnW9zTHDKni3kTEDVTEDKpZwY0jCfsvFJsWN3shPfUiqkpyOkmy-MUvOMXgNf0A3fnit4Uy-80ZFGmvNqnWTkn7tYnjTkTEDQnWE8nWTdsWDQra3QnHEKnT78IyQ_THD8nTDYnW9zTgVqTHDknjTvTyEdnhmYPhcvPHnYn1bduAm
【整租】贝客公寓 昌平周边 立水桥店,昌平周边,3520-4750,http://bj.58.com///legoclick.58.com/cpaclick?target=pZwY0jCfsvFJsWN3shPfUiqkpyOkmy-MUvOMXgNfn1EOnjDOn1cOnWnOP1I3sMPCIAd_TyEVm1wWrHFhnjcVPhuWnBYYnvFbsycvryNVPHczmynYuADduW9vTHEYPW0YPHTYP1n3PH9zTED1PjbknHb1nWbzn1bLPkDvnjTknjTKPWTknjTkTH0knHnYTHDKnHN1nWmLrHTzn1EkPEDzTNujsgKWsyQG0Lw_uyuYTHDKnE7hmyOMmv66U-tznjD3njNQP7qBmgP-xjDKsHDKTHcYrHDQPHDYPWnYnHn3PTDkTHDQnWc3rWcknjKxPjTknTDQTHEkmW6BnANQsHRhmvDVPjTvuaY3mhDYsHEYP1FWPj0vP1mdPkDzPHTvnj9OrHbdnjn3rj9KnWNkPWT3rHbOPj9vPj9kTEDYnW9zTHDKni3kTEDVTEDKpZwY0jCfsvFJsWN3shPfUiqkpyOkmy-MUvOMXgNf0A3fnit4Uy-80ZFGmvNqnWTkn7tYnjTkTEDQnWE8nWTdsWDQra3QnHEKnT78IyQ_THD8nTDYnW9zTgVqTHDknjTvTH0OPyN3m1nOrj7hPjEOmWc
【整租】乐乎社区 芍药居 芍药居店,芍药居,3500-4500,http://bj.58.com///legoclick.58.com/cpaclick?target=pZwY0jCfsvFJsWN3shPfUiqkpyOkmy-MUvOMXgNfn1EOnjTdnjD3PjTkPH63sMPCIAd_TyEVm1wWrHFhnjcVPhuWnBYYnvFbsycvryNVPHczmynYuADduW9vTHEznW0OnHNkPjDQnW91TED1PjbknjNknH9YnjTdrTDvnjTknjTKPWTknjTkTH0knHnYTHDKnHN1nWmLrHTzn1EkPED1TNujsgKWsyQG0Lw_uyuYTHDKnE7hmyOMmv66U-tznjD3njNQP7qBmgP-xjDKsHDKTHcYrHD1PjEdPjELPH03PTDkTHDQnWc3rWcknjKxPjTknTDQTHP-nhwhuHPbsymvmvDVPjcvniYOPvwWsymLnywBnWw-m1TznTDzPHTdrH0dPHT3n19LrHcKnWNkPHbLPHNkrjDznHm3TEDYnW9zTHDKni3kTEDVTEDKpZwY0jCfsvFJsWN3shPfUiqkpyOkmy-MUvOMXgNf0A3fnit4Uy-80ZFGmvNqnWTkn7tYnjTkTEDQnWE8nWTdsWDQra3QnHEKnT78IyQ_THD8nTDYnW9zTgVqTHDknjTvTHKWPWbLuAmLPjmzrjKhrHE
【整租】乐乎社区 芍药居 芍药居店,芍药居,3500-4500,http://bj.58.com///legoclick.58.com/cpaclick?target=pZwY0jCfsvFJsWN3shPfUiqkpyOkmy-MUvOMXgNfn1EOnjTdnjnQPjDQrH73sMPCIAd_TyEVm1wWrHFhnjcVPhuWnBYYnvFbsycvryNVPHczmynYuADduW9vTHEznW0OnHNkPjDQnW91TED1PjbknjNkn1DYnHDOnEDvnjTknjTKPWTknjTkTH0knHnYTHDKnHN1nWmLrHTzn1EkPEDYTNujsgKWsyQG0Lw_uyuYTHDKnE7hmyOMmv66U-tznjD3njNQP7qBmgP-xjDKsHDKTHcYrHD1PjEdPjELPH03PTDkTHDQnWc3rWcknjKxPjTknTDQTHPbmWm3mH6bsHwWm1cVPjD1uadBn16BsywhmhD1n1RhnHcvrTDzPHTdrH0dPWDzPHD3Pj9KnWNkPHbLPHmQnWDQrHDzTEDYnW9zTHDKni3kTEDVTEDKpZwY0jCfsvFJsWN3shPfUiqkpyOkmy-MUvOMXgNf0A3fnit4Uy-80ZFGmvNqnWTkn7tYnjTkTEDQnWE8nWTdsWDQra3QnHEKnT78IyQ_THD8nTDYnW9zTgVqTHDknjTvTyRhrHI-ny76mHnOn1nzPhc
【整租】乐乎社区 百子湾 百子湾花园店,百子湾,3000-3500,http://bj.58.com///legoclick.58.com/cpaclick?target=pZwY0jCfsvFJsWN3shPfUiqkpyOkmy-MUvOMXgNfn1EOnjT3PW01nWT3rjP3sMPCIAd_TyEVm1wWrHFhnjcVPhuWnBYYnvFbsycvryNVPHczmynYuADduW9vTHEznW0OnHNkPjDQnW91TED1Pjbknj9vP1nznj93nkDvnjTknjTKPWTknjTkTH0knHnYTHDKnHN1nWmLrHTzn1EkPEDdTNujsgKWsyQG0Lw_uyuYTHDKnE7hmyOMmv66U-tznjD3njNQP7qBmgP-xjDKsHDKTHcYrHD1PjEdPjELPH03PTDkTHDQnWc3rWcknjKxPjTknTDQTyw6PWE1mW91sHN3nHDVPANvPzd6nynksyDOnHN1uynkmHm3rEDzPHTvnjTYP1EvrjnYnj9KnWNkPWTkPj0YPWm3njE3TEDYnW9zTHDKni3kTEDVTEDKpZwY0jCfsvFJsWN3shPfUiqkpyOkmy-MUvOMXgNf0A3fnit4Uy-80ZFGmvNqnWTkn7tYnjTkTEDQnWE8nWTdsWDQra3QnHEKnT78IyQ_THD8nTDYnW9zTgVqTHDknjTvTHbLPyFWny7hnvE3nWbdmW9
【整租】乐乎社区 立水桥 立水桥店,立水桥,3600-4000,http://bj.58.com///legoclick.58.com/cpaclick?target=pZwY0jCfsvFJsWN3shPfUiqkpyOkmy-MUvOMXgNfn1EOnjT1nHcYPWDQnH-3sMPCIAd_TyEVm1wWrHFhnjcVPhuWnBYYnvFbsycvryNVPHczmynYuADduW9vTHEznW0OnHNkPjDQnW91TED1PjbknjnQnWEvnHDQrEDvnjTknjTKPWTknjTkTH0knHnYTHDKnHN1nWmLrHTzn1EkPEDvTNujsgKWsyQG0Lw_uyuYTHDKnE7hmyOMmv66U-tznjD3njNQP7qBmgP-xjDKsHDKTHcYrHD1PjEdPjELPH03PTDkTHDQnWc3rWcknjKxPjTknTDQTHNYnvmduhnvsyu-uWNVPjwBPBYOuWNzsyEkmycLPyNdmWD1rTDzPHTdrHmkn1N3njnQPHcKnWNkPHbvnjndP19dP1nvTEDYnW9zTHDKni3kTEDVTEDKpZwY0jCfsvFJsWN3shPfUiqkpyOkmy-MUvOMXgNf0A3fnit4Uy-80ZFGmvNqnWTkn7tYnjTkTEDQnWE8nWTdsWDQra3QnHEKnT78IyQ_THD8nTDYnW9zTgVqTHDknjTvTHb3m1R-ujnkPhF-uWuhm1n
【整租】乐乎社区 立水桥 立水桥店,立水桥,3600-4000,http://bj.58.com///legoclick.58.com/cpaclick?target=pZwY0jCfsvFJsWN3shPfUiqkpyOkmy-MUvOMXgNfn1EOnjT1n1ELPWckPHP3sMPCIAd_TyEVm1wWrHFhnjcVPhuWnBYYnvFbsycvryNVPHczmynYuADduW9vTHEznW0OnHNkPjDQnW91TED1Pjbknjn1Pj0vnWTdnkDvnjTknjTKPWTknjTkTH0knHnYTHDKnHN1nWmLrHTzn1EkPEDLTNujsgKWsyQG0Lw_uyuYTHDKnE7hmyOMmv66U-tznjD3njNQP7qBmgP-xjDKsHDKTHcYrHD1PjEdPjELPH03PTDkTHDQnWc3rWcknjKxPjTknTDQTHKBuhnQrHndsHNvPjcVPj91uaY3PhDYsyndmHc1uyN1uHK6mEDzPHTdrHmznHEznjEYPjTKnWNkPHbvnWDYnH9YrHm3TEDYnW9zTHDKni3kTEDVTEDKpZwY0jCfsvFJsWN3shPfUiqkpyOkmy-MUvOMXgNf0A3fnit4Uy-80ZFGmvNqnWTkn7tYnjTkTEDQnWE8nWTdsWDQra3QnHEKnT78IyQ_THD8nTDYnW9zTgVqTHDknjTvTHbOnAmknANdmHR-mhmzuW0
【整租】乐乎社区 立水桥 立水桥店,立水桥,3600-4000,http://bj.58.com///legoclick.58.com/cpaclick?target=pZwY0jCfsvFJsWN3shPfUiqkpyOkmy-MUvOMXgNfn1EOnjT1PHmOrHb3P1K3sMPCIAd_TyEVm1wWrHFhnjcVPhuWnBYYnvFbsycvryNVPHczmynYuADduW9vTHEznW0OnHNkPjDQnW91TED1PjbknjndPWbOrH9LnTDvnjTknjTKPWTknjTkTH0knHnYTHDKnHN1nWmLrHTzn1EkPED3TNujsgKWsyQG0Lw_uyuYTHDKnE7hmyOMmv66U-tznjD3njNQP7qBmgP-xjDKsHDKTHcYrHD1PjEdPjELPH03PTDkTHDQnWc3rWcknjKxPjTknTDQTHbOuHcLnvFWsHDdnAmVPjDdPaYOPyRhsHbQuyEdPj9vPyDdmEDzPHTdrHm1rHcQnjEOP1mKnWNkPHbvn1bznj93PHbzTEDYnW9zTHDKni3kTEDVTEDKpZwY0jCfsvFJsWN3shPfUiqkpyOkmy-MUvOMXgNf0A3fnit4Uy-80ZFGmvNqnWTkn7tYnjTkTEDQnWE8nWTdsWDQra3QnHEKnT78IyQ_THD8nTDYnW9zTgVqTHDknjTvTHTLrjnLnHuWnWcduWR-rj0
【整租】乐乎社区 立水桥 立水桥店,立水桥,3600-4000,http://bj.58.com///legoclick.58.com/cpaclick?target=pZwY0jCfsvFJsWN3shPfUiqkpyOkmy-MUvOMXgNfn1EOnjT1rj9YPWn3njP3sMPCIAd_TyEVm1wWrHFhnjcVPhuWnBYYnvFbsycvryNVPHczmynYuADduW9vTHEznW0OnHNkPjDQnW91TED1Pjbknjn3rjEvn19knkDvnjTknjTKPWTknjTkTH0knHnYTHDKnHN1nWmLrHTzn1EkPEDOTNujsgKWsyQG0Lw_uyuYTHDKnE7hmyOMmv66U-tznjD3njNQP7qBmgP-xjDKsHDKTHcYrHD1PjEdPjELPH03PTDkTHDQnWc3rWcknjKxPjTknTDQTHD3nvNvnWnLsyE1uj0VPj6buaYOuh7-sH0QPWDLrADQmyR6PTDzPHTdrHmvPjn3nW0Ln1mKnWNkPHbvPWE1rjDQn1EYTEDYnW9zTHDKni3kTEDVTEDKpZwY0jCfsvFJsWN3shPfUiqkpyOkmy-MUvOMXgNf0A3fnit4Uy-80ZFGmvNqnWTkn7tYnjTkTEDQnWE8nWTdsWDQra3QnHEKnT78IyQ_THD8nTDYnW9zTgVqTHDknjTvTHm3nvDQmycvn1TzrH6bn1c
【整租】百子湾 乐乎城市青年社区 1室1厅,【整租】百子湾,3000,http://bj.58.com///legoclick.58.com/cpaclick?target=pZwY0jCfsvFJsWN3shPfUiqkpyOkmy-MUvOMXgNfn1E3rHDLrjDLnjcLnWI3sMPCIAd_TyEVm1wWrHFhnjcVPhuWnBYYnvFbsycvryNVPHczmynYuADduW9vTHEznW0OnHNkPjDQnW91TED1Pj9OnH03nH0knW0zPkDvnjTknjTKPWTknjTkTH0knHnYTHDKnHN1nWmLrHTzn1EkPEDQnT7AEzdkmzd_pgPYUARhITDQTHDKuh78uvPCmyOxnWTQrjTdnHwxmh71ugkQTiYQTEDzPjbQn1EYPHEYP1NLrjEKnTDQnHczrjCznjTkg1EknjTKnEDvmvuhmH9QnBYYmyEvsHEznWEVrAmYmidbmHb1mWT3nHcdmhmKnWNkPHcLP19OP1ndrHmkTHcdnjNzP103rH0QP1NznTDKPjc3n9DQTHD8nTDKsEDKTy6YIZTlszqBpB3draOWUvYf0A-80A7Guvq8uL-dsLK8s1Df5vdGUMKzpyP-5HcknjKxPjTknTDKnHcYsWckPi3QnH98nHDYTHTKUMR_UTDQsWTKPjc3n97exEDQnjTkP9DYPvwhnWPbmvw6nH0LnyNk
【合租】崇文门 新景家园东区 3室主卧,新景家园东区,3600,http://bj.58.com///legoclick.58.com/cpaclick?target=pZwY0jCfsvFJsWN3shPfUiqkpyOkmy-MUvOMXgNfn1cOnjbvPjbQrjmkrj-3sMPCIAd_TyEVm1wWrHFhnjcVPhuWnBYYnvFbsycvryNVPHczmynYuADduW9vTHEYPW0YnjbznWcYnjczTED1nWbkrHmYrHD3PWT3rEDvnjTknjTKPWTknjTkTH0knHnYTHDKnHN1nWmLrHTzn1EkP9DQnE7AEzdkmzd_pgPYUARhITDQTHDKuh78uvPCmyOxnWTQrjTdnHwxmh71ugkQTiYQTEDzPjbQnHbdnWbQrH0dP1mKnTDQnHczrjCznjTkg1EknjTKnED3uHuhrAuBnaY3PvcdsHEdmyNVmywbmiYzPHDdPyc1njIbuhNKnWEOPHn3n1NdnWcQPHc3THcYrHN1rjndPHckrjckrTDKPjc3n9DQTHD8nTDKsEDKTy6YIZTlszqBpB3draOWUvYf0A-80A7Guvq8uL-dsLK8s1Df5vdGUMKzpyP-5HcknjKxPjTknTDKnHcYsWckPi3QnH98nHDYTHTKUMR_UTDQsWTKPjc3n97exEDQnjTkP9DkP19zuH93nhD3uHnLmHcO
【合租】广渠门 广渠家园 4室主卧,广渠家园,2300,http://bj.58.com///legoclick.58.com/cpaclick?target=pZwY0jCfsvFJsWN3shPfUiqkpyOkmy-MUvOMXgNfn1cLPjnzP1c3rjnknWK3sMPCIAd_TyEVm1wWrHFhnjcVPhuWnBYYnvFbsycvryNVPHczmynYuADduW9vTHEYPW0YnjbznWcYnjczTED1nW0Yn1cLnW93n1TznTDvnjTknjTKPWTknjTkTH0knHnYTHDKnHN1nWmLrHTzn1EkP9DQn97AEzdkmzd_pgPYUARhITDQTHDKuh78uvPCmyOxnWTQrjTdnHwxmh71ugkQTiYQTEDzPjbQnHbdnWbQrH0dP1mKnTDQnHczrjCznjTkg1EknjTKnED1m1n1ujmOmzdBnANLsHE3mWEVryN1uaYYPHNkujP-njDOPWnKnWEOPWEvn1b1n1cQPjbvTHcYrHmYPWnOn1nknWT1n9DKPjc3n9DQTHD8nTDKsEDKTy6YIZTlszqBpB3draOWUvYf0A-80A7Guvq8uL-dsLK8s1Df5vdGUMKzpyP-5HcknjKxPjTknTDKnHcYsWckPi3QnH98nHDYTHTKUMR_UTDQsWTKPjc3n97exEDQnjTkP9DOrjuBmym3rjN1myDvnymk
【合租】崇文门 国瑞城中区 1室次卧,国瑞城中区,2000,http://bj.58.com///legoclick.58.com/cpaclick?target=pZwY0jCfsvFJsWN3shPfUiqkpyOkmy-MUvOMXgNfn1nYPHDkrjmdrHn3Pj63sMPCIAd_TyEVm1wWrHFhnjcVPhuWnBYYnvFbsycvryNVPHczmynYuADduW9vTHEYPW0YnjbznWcYnjczTED1n1EdnHT3PWNOn19YrTDvnjTknjTKPWTknjTkTH0knHnYTHDKnHN1nWmLrHTzn1EkP9DQnk7AEzdkmzd_pgPYUARhITDQTHDKuh78uvPCmyOxnWTQrjTdnHwxmh71ugkQTiYQTEDzPjbQnHbdnWbQrH0dP1mKnTDQnHczrjCznjTkg1EknjTKnE7BPA7brjNQuiY1nHEdsHE3PWcVmW9OmidhnHwBPyndrjDQmHNKnWEOP1TOPjm3nWbdnWTkTHcYrH0krHEvrjcLP10LP9DKPjc3n9DQTHD8nTDKsEDKTy6YIZTlszqBpB3draOWUvYf0A-80A7Guvq8uL-dsLK8s1Df5vdGUMKzpyP-5HcknjKxPjTknTDKnHcYsWckPi3QnH98nHDYTHTKUMR_UTDQsWTKPjc3n97exEDQnjTkP9DkmWcYrjD1PW91uAmLnynL
【合租】工体 联宝公寓 3室次卧,【合租】工体,3500,http://bj.58.com///legoclick.58.com/cpaclick?target=pZwY0jCfsvFJsWN3shPfUiqkpyOkmy-MUvOMXgNfn1Ekrjcvnj91PHbLPHF3sMPCIAd_TyEVm1wWrHFhnjcVPhuWnBYYnvFbsycvryNVPHczmynYuADduW9vTHEYPW0Ynj9LrH0Qn1NkTED1PjT3nWmkrjndrH0dn9DvnjTknjTKPWTknjTkTH0knHnYTHDKnHN1nWmLrHTzn1EkP9DQPT7AEzdkmzd_pgPYUARhITDQTHDKuh78uvPCmyOxnWTQrjTdnHwxmh71ugkQTiYQTEDzPjbQnHNQPjbdPHEvrHmKnTDQnHczrjCznjTkg1EknjTKnEDQuHwhnj0OPBdhuAmOsHwBuHbVmynLuBd6PADduAnzujcknWnKnWEOnHDdnWbzrHn1nHNzTHcYrHDQPHcOnWbQPH0znTDKPjc3n9DQTHD8nTDKsEDKTy6YIZTlszqBpB3draOWUvYf0A-80A7Guvq8uL-dsLK8s1Df5vdGUMKzpyP-5HcknjKxPjTknTDKnHcYsWckPi3QnH98nHDYTHTKUMR_UTDQsWTKPjc3n97exEDQnjTkP97bnANYP1Fbn1PhmhmvmvmL
【合租】十八里店 吕营嘉园 3室主卧,吕营嘉园,2860,http://bj.58.com///legoclick.58.com/cpaclick?target=pZwY0jCfsvFJsWN3shPfUiqkpyOkmy-MUvOMXgNfn1EkrHnQn1nLPj9OnH-3sMPCIAd_TyEVm1wWrHFhnjcVPhuWnBYYnvFbsycvryNVPHczmynYuADduW9vTHEYPW0Ynj9LrH0Qn1NkTED1PjTOn1D1n10YrjbQrEDvnjTknjTKPWTknjTkTH0knHnYTHDKnHN1nWmLrHTzn1EkP9DQPE7AEzdkmzd_pgPYUARhITDQTHDKuh78uvPCmyOxnWTQrjTdnHwxmh71ugkQTiYQTEDzPjbQnHNQPjbdPHEvrHmKnTDQnHczrjCznjTkg1EknjTKnE76PyPbnAuBnzYvnARWsHEQujbVrjb1uidBPjcYuj0zrHI6nynKnWEOnHDdnW9dPjbOrHcOTHcYrHDQPHc3PHE3nHE3rTDKPjc3n9DQTHD8nTDKsEDKTy6YIZTlszqBpB3draOWUvYf0A-80A7Guvq8uL-dsLK8s1Df5vdGUMKzpyP-5HcknjKxPjTknTDKnHcYsWckPi3QnH98nHDYTHTKUMR_UTDQsWTKPjc3n97exEDQnjTkP9DOPjbvnHcdPjPBuWFWmHEk
【合租】欢乐谷 紫南家园北区 3室主卧,紫南家园北区,2460,http://bj.58.com///legoclick.58.com/cpaclick?target=pZwY0jCfsvFJsWN3shPfUiqkpyOkmy-MUvOMXgNfn1E3njEYP1mvPWc1Pj-3sMPCIAd_TyEVm1wWrHFhnjcVPhuWnBYYnvFbsycvryNVPHczmynYuADduW9vTHEYPW0Ynj9LPWEQrj03TED1Pj9kPjELPWmvnWnYrEDvnjTknjTKPWTknjTkTH0knHnYTHDKnHN1nWmLrHTzn1EkP9DQP97AEzdkmzd_pgPYUARhITDQTHDKuh78uvPCmyOxnWTQrjTdnHwxmh71ugkQTiYQTEDzPjbQnHNzrHNznWbOPWTKnTDQnHczrjCznjTkg1EknjTKnED1rA7BnhmQradBPH--sHEOnH9VrjNYmzYLrj01nWbvmHb1mvEKnWEOrjcOn1EOn1bQn19YTHcYrH9zrHnYrHnLrjTdP9DKPjc3n9DQTHD8nTDKsEDKTy6YIZTlszqBpB3draOWUvYf0A-80A7Guvq8uL-dsLK8s1Df5vdGUMKzpyP-5HcknjKxPjTknTDKnHcYsWckPi3QnH98nHDYTHTKUMR_UTDQsWTKPjc3n97exEDQnjTkP97BuhFbnjPbnjckuyEOn1cQ
【合租】四惠 东恒时代(一期) 3室主卧,东恒时代(一期),3540,http://bj.58.com///legoclick.58.com/cpaclick?target=pZwY0jCfsvFJsWN3shPfUiqkpyOkmy-MUvOMXgNfn1DLPHcQPHmQPHmLnHP3sMPCIAd_TyEVm1wWrHFhnjcVPhuWnBYYnvFbsycvryNVPHczmynYuADduW9vTHEYPW0Ynj9LrH0Qn1NkTED1nH0dnWDdPWDdPW0QnkDvnjTknjTKPWTknjTkTH0knHnYTHDKnHN1nWmLrHTzn1EkP9DQPk7AEzdkmzd_pgPYUARhITDQTHDKuh78uvPCmyOxnWTQrjTdnHwxmh71ugkQTiYQTEDzPjbQnHNQPjbdPHEvrHmKnTDQnHczrjCznjTkg1EknjTKnEDLnj9vPHTkriY3uhDdsHwWm1cVrjKBmBYQPHmOPjNzrADOryNKnWEOnHDdnH0YnHNOn10vTHcYrHDQPHDLPjDYnHbvnTDKPjc3n9DQTHD8nTDKsEDKTy6YIZTlszqBpB3draOWUvYf0A-80A7Guvq8uL-dsLK8s1Df5vdGUMKzpyP-5HcknjKxPjTknTDKnHcYsWckPi3QnH98nHDYTHTKUMR_UTDQsWTKPjc3n97exEDQnjTkP97BmvwhPWnLrj9LmW0dP191
【合租】常营 保利嘉园1号院 3室主卧,保利嘉园1号院,2580,http://bj.58.com///legoclick.58.com/cpaclick?target=pZwY0jCfsvFJsWN3shPfUiqkpyOkmy-MUvOMXgNfn1DvnHmdPjnzrHD3nWK3sMPCIAd_TyEVm1wWrHFhnjcVPhuWnBYYnvFbsycvryNVPHczmynYuADduW9vTHEYPW0Ynj9LrH0Qn1NkTED1nHmQPWNYn1cOnH9znTDvnjTknjTKPWTknjTkTH0knHnYTHDKnHN1nWmLrHTzn1EkP9DQrT7AEzdkmzd_pgPYUARhITDQTHDKuh78uvPCmyOxnWTQrjTdnHwxmh71ugkQTiYQTEDzPjbQnHNQPjbdPHEvrHmKnTDQnHczrjCznjTkg1EknjTKnE7WmyEvnAndnidBm1PBsHEdPAcVrH7Wrad-PH7hP1uWPhDdPvNKnWEOnHDdnHmznHE1P10vTHcYrHDQPHDvnWDzPHnznTDKPjc3n9DQTHD8nTDKsEDKTy6YIZTlszqBpB3draOWUvYf0A-80A7Guvq8uL-dsLK8s1Df5vdGUMKzpyP-5HcknjKxPjTknTDKnHcYsWckPi3QnH98nHDYTHTKUMR_UTDQsWTKPjc3n97exEDQnjTkP976nvPWPjbLP19LPyR-ryn1
【合租】广渠门 广渠家园 3室主卧,广渠家园,2300,http://bj.58.com///legoclick.58.com/cpaclick?target=pZwY0jCfsvFJsWN3shPfUiqkpyOkmy-MUvOMXgNfn1D3rjNdPHcOrHTdnH-3sMPCIAd_TyEVm1wWrHFhnjcVPhuWnBYYnvFbsycvryNVPHczmynYuADduW9vTHEYPW0YnjbznWcYnjczTED1nH93PHNdnWbOnjNQrEDvnjTknjTKPWTknjTkTH0knHnYTHDKnHN1nWmLrHTzn1EkP9DQrE7AEzdkmzd_pgPYUARhITDQTHDKuh78uvPCmyOxnWTQrjTdnHwxmh71ugkQTiYQTEDzPjbQnHbdnWbQrH0dP1mKnTDQnHczrjCznjTkg1EknjTKnEDYnyn1PvEOuaYLnW9OsHwBnjTVmhPbuBYQn1TOm1bdry7-nANKnWEOPWEvn1DYP1mznW0zTHcYrHmYPWnQPj0YPH9Ln9DKPjc3n9DQTHD8nTDKsEDKTy6YIZTlszqBpB3draOWUvYf0A-80A7Guvq8uL-dsLK8s1Df5vdGUMKzpyP-5HcknjKxPjTknTDKnHcYsWckPi3QnH98nHDYTHTKUMR_UTDQsWTKPjc3n97exEDQnjTkP97-rHmvuWDvrj91n1nLuj9z
【合租】孙河 康营家园7期 2室次卧,康营家园7期,2180,http://bj.58.com///legoclick.58.com/cpaclick?target=pZwY0jCfsvFJsWN3shPfUiqkpyOkmy-MUvOMXgNfn1n3n193PjbQnj0dn1K3sMPCIAd_TyEVm1wWrHFhnjcVPhuWnBYYnvFbsycvryNVPHczmynYuADduW9vTHEvrHbknWELn1cknj9LTED1n191rj9YrHDkP1N1nTDvnjTknjTKn1DKP1TQn1EKnEDQPHnzPW0Onjc1PjTLTHckTNujsgKWsyQG0Lw_uyuYTHDKnE7hmyOMmv66U-tznjD3njNQP7qBmgP-xjDKsHDKTHcYrHDQPHcdnH0vnjD1P9DkTHDQnWc3rWcknjKxPjTknTDQTHmkPyR6mHw6sHcvrADVPjE3uid6uAPWsH6buWEOrjcQmH-Wu9DzPjbQnHNzPWTYPWDkrjTKnWEOnHDdnWmkPjnvPj93TEDYnW9zTHDKni3kTEDVTEDKpZwY0jCfsvFJsWN3shPfUiqkpyOkmy-MUvOMXgNf0A3fnit4Uy-80ZFGmvNqnWTkn7tYnjTkTEDQnWE8nWTdsWDQra3QnHEKnT78IyQ_THD8nTDYnW9zTgVqTHDknjTvTywWPjckm16bnHTOmHKbPyE
【合租】亚运村 安慧里一区 3室次卧,安慧里一区,2600,http://bj.58.com///legoclick.58.com/cpaclick?target=pZwY0jCfsvFJsWN3shPfUiqkpyOkmy-MUvOMXgNfn1EYPH9QnWD1rjTdn1F3sMPCIAd_TyEVryRhP1FWrHNVmvEYuBYYmWmYsy7-mHEVnjcvPvcQP1EzrHEOTHEYPW0Ynj93nHb3PW03TED1PjEdrjDznHn3njN1n9DvnjTknjTKPWTknjTkTH0knHnYTHDKnHN1nWmLrHTzn1mkrEDQTNujsgKWsyQG0Lw_uyuYTHDKn97hmyOMmv66U-tznjD3njNQP7qBmgP-xjDKsHDKTHcYrHDQPHDOPWDYnHN3PTDkTHDQnWc3rWcknjKxPjTknTDQTHcQm1-Wm1c3sH6bmhnVPjnQriYOPvNdsH6bmhNkmWu-nvmLPkDzPjbQnHN1nWbvnHc3nj9KnWEOnHDdn1cOPHbvPjcYTEDYnW9zTHDKni3kTEDVTEDKpZwY0jCfsvFJsWN3shPfUiqkpyOkmy-MUvOMXgNf0A3fnBt4Uy-80ZFGmvNqnWTkn7tYnjTkTEDQnWE8nWTdsWDQra3QnHEKnT78IyQ_THD8nTDYnW9zTgVqTHDknjTvTymdrjmQuHF6mH66mHIWmhm
【合租】四惠 通惠家园惠民园 4室次卧,通惠家园惠民园,2300,http://bj.58.com///legoclick.58.com/cpaclick?target=pZwY0jCfsvFJsWN3shPfUiqkpyOkmy-MUvOMXgNfn1ndPjTYnWczPjmznj73sMPCIAd_TyEVryRhP1FWrHNVmvEYuBYYmWmYsy7-mHEVnjcvPvcQP1EzrHEOTHn3PWbzPWNdTED1n1NYnjEznWcYPWcknEDvnjTknjTKPWTknjTkTH0knHnYTHDKnHN1nWmLrHTzn1mkrEDzTNujsgKWsyQG0Lw_uyuYTHDKn97hmyOMmv66U-tznjD3njNQP7qBmgP-xjDKsHDKTHcYrHDQPHDYrHbLnjEdP9DkTHDQnWc3rWcknjKxPjTknTDQTyc3nyRbnjP-sHcvmynVPjc3uBYOuHEdsHm1mym1nWELmyDvP9DzPjbQnHNzPjbzPWNvrj9KnWEOnHDdnWEOnWELnWEOTEDYnW9zTHDKni3kTEDVTEDKpZwY0jCfsvFJsWN3shPfUiqkpyOkmy-MUvOMXgNf0A3fnBt4Uy-80ZFGmvNqnWTkn7tYnjTkTEDQnWE8nWTdsWDQra3QnHEKnT78IyQ_THD8nTDYnW9zTgVqTHDknjTvTynQn1--n1K6mH9QnWT3rjT
【合租】十里堡 京棉新城 4室次卧,京棉新城,2500,http://bj.58.com///legoclick.58.com/cpaclick?target=pZwY0jCfsvFJsWN3shPfUiqkpyOkmy-MUvOMXgNfn1n1nj01PjnvnHbQPjR3sMPCIAd_TyEVryRhP1FWrHNVmvEYuBYYmWmYsy7-mHEVnjcvPvcQP1EzrHEOTHn3PWbzPWNdTED1n1nkP1nYn1mQrHDYPEDvnjTknjTKPWTknjTkTH0knHnYTHDKnHN1nWmLrHTzn1mkrED1TNujsgKWsyQG0Lw_uyuYTHDKn97hmyOMmv66U-tznjD3njNQP7qBmgP-xjDKsHDKTHcYrHDQPHDYrHbLnjEdP9DkTHDQnWc3rWcknjKxPjTknTDQTyELuARhmvDdsHT1ujDVPj7hmBd6uADvsHPWmyuhmWcdujcYnTDzPjbQrjDkPHcOnj9dPWTKnWEOnH9QnjNzrj0Orj93TEDYnW9zTHDKni3kTEDVTEDKpZwY0jCfsvFJsWN3shPfUiqkpyOkmy-MUvOMXgNf0A3fnBt4Uy-80ZFGmvNqnWTkn7tYnjTkTEDQnWE8nWTdsWDQra3QnHEKnT78IyQ_THD8nTDYnW9zTgVqTHDknjTvTHmQnHu6rHbkPWb3n1NzmWc
【合租】四惠 通惠家园惠民园 3室次卧,通惠家园惠民园,2700,http://bj.58.com///legoclick.58.com/cpaclick?target=pZwY0jCfsvFJsWN3shPfUiqkpyOkmy-MUvOMXgNfn1nLn19dP19OnWn3n1R3sMPCIAd_TyEVryRhP1FWrHNVmvEYuBYYmWmYsy7-mHEVnjcvPvcQP1EzrHEOTHn3PWbzPWNdTED1n101rjNLrjbzn191PEDvnjTknjTKPWTknjTkTH0knHnYTHDKnHN1nWmLrHTzn1mkrEDYTNujsgKWsyQG0Lw_uyuYTHDKn97hmyOMmv66U-tznjD3njNQP7qBmgP-xjDKsHDKTHcYrHDQPHDYrHbLnjEdP9DkTHDQnWc3rWcknjKxPjTknTDQTynkn1D3nHw6sH6-nH9VPAEQniYOrjIWsyDzujDOmhEdmvPWm9DzPjbQnHNzPH0znW91nHcKnWEOnHDdnWNLnWTOrjmYTEDYnW9zTHDKni3kTEDVTEDKpZwY0jCfsvFJsWN3shPfUiqkpyOkmy-MUvOMXgNf0A3fnBt4Uy-80ZFGmvNqnWTkn7tYnjTkTEDQnWE8nWTdsWDQra3QnHEKnT78IyQ_THD8nTDYnW9zTgVqTHDknjTvTy7BnWmQPymLP1F6ujPbn1E
【合租】梨园 幸福时光 3室主卧,幸福时光,2290,http://bj.58.com///legoclick.58.com/cpaclick?target=pZwY0jCfsvFJsWN3shPfUiqkpyOkmy-MUvOMXgNfn1EQPWcdnHmdnWE1n1P3sMPCIAd_TyEVryRhP1FWrHNVmvEYuBYYmWmYsy7-mHEVnjcvPvcQP1EzrHEOTHEYPW0Ynj9LrH0Qn1NkTED1PjDvnWNQPWNzPjn1nkDvnjTknjTKPWTknjTkTH0knHnYTHDKnHN1nWmLrHTzn1mkrEDdTNujsgKWsyQG0Lw_uyuYTHDKn97hmyOMmv66U-tznjD3njNQP7qBmgP-xjDKsHDKTHcYrHDQPHDYrHNdPjmOP9DkTHDQnWc3rWcknjKxPjTknTDQTHmdPvELPhPhsyDQmWnVPjnQrid6rHnQsyP6PWNQuhN3uAuBmkDzPjbQnHNYrHNdPW9YnjTKnWEOnHDdPjbdPHNkrH9YTEDYnW9zTHDKni3kTEDVTEDKpZwY0jCfsvFJsWN3shPfUiqkpyOkmy-MUvOMXgNf0A3fnBt4Uy-80ZFGmvNqnWTkn7tYnjTkTEDQnWE8nWTdsWDQra3QnHEKnT78IyQ_THD8nTDYnW9zTgVqTHDknjTvTyuBn166mWNkPvc3nHw-PW0
【合租】四惠 远洋天地 3室主卧,远洋天地,3500,http://bj.58.com///legoclick.58.com/cpaclick?target=pZwY0jCfsvFJsWN3shPfUiqkpyOkmy-MUvOMXgNfn1EkPWnQrjTzP1mknW-3sMPCIAd_TyEVryRhP1FWrHNVmvEYuBYYmWmYsy7-mHEVnjcvPvcQP1EzrHEOTHEYPW0Ynj9LrH0Qn1NkTED1PjTvn1D3njcLPWTzrEDvnjTknjTKPWTknjTkTH0knHnYTHDKnHN1nWmLrHTzn1mkrEDvTNujsgKWsyQG0Lw_uyuYTHDKn97hmyOMmv66U-tznjD3njNQP7qBmgP-xjDKsHDKTHcYrHDQPHDYrHNdPjmOP9DkTHDQnWc3rWcknjKxPjTknTDQTHc1rymYPHcLsycvnWEVPAmdPBdBmvNdsHRhmWm1uH0YujE1PEDzPjbQnHNzrjbOPHm1rjEKnWEOnHDdnW9OrHn3rHNzTEDYnW9zTHDKni3kTEDVTEDKpZwY0jCfsvFJsWN3shPfUiqkpyOkmy-MUvOMXgNf0A3fnBt4Uy-80ZFGmvNqnWTkn7tYnjTkTEDQnWE8nWTdsWDQra3QnHEKnT78IyQ_THD8nTDYnW9zTgVqTHDknjTvTyckuWbLPAELP1DOuHmvuH0
【整租】乐乎公寓 十里河 十里河店,十里河,3300-4000,http://bj.58.com///legoclick.58.com/cpaclick?target=pZwY0jCfsvFJsWN3shPfUiqkpyOkmy-MUvOMXgNfn1cYnHNYnjcdnHbznHF3sMPCIAd_TyEVryRhP1FWrHNVmvEYuBYYmWmYsy7-mHEVnjcvPvcQP1EzrHEOTHEYPW0Ynj93nW9zrHTzTED1nWEQPHEknWNQrHcQn9DvnjTknjTKPWTknjTkTH0knHnYTHDKnHN1nWmLrHTzn1mkrEDLTNujsgKWsyQG0Lw_uyuYTHDKn97hmyOMmv66U-tznjD3njNQP7qBmgP-xjDKsHDKTHcYrHDQPHDdrHDvnW93rTDkTHDQnWc3rWcknjKxPjTknTDQTyDvPHNYnW0QsHN3mW9VPjTLPadBmW0YsycknW0YmWu-PyNLPkDzPjbQnHNznjDLPHDkPj9KnWEOnHDdnWTQP1ndPW93TEDYnW9zTHDKni3kTEDVTEDKpZwY0jCfsvFJsWN3shPfUiqkpyOkmy-MUvOMXgNf0A3fnBt4Uy-80ZFGmvNqnWTkn7tYnjTkTEDQnWE8nWTdsWDQra3QnHEKnT78IyQ_THD8nTDYnW9zTgVqTHDknjTvTHN3PWu6uyDvPjI-mvR-P19
【合租】崇文门 新景家园东区 3室主卧,新景家园东区,3200,http://bj.58.com///legoclick.58.com/cpaclick?target=pZwY0jCfsvFJsWN3shPfUiqkpyOkmy-MUvOMXgNfn1EdrjDOP1TdP1nQn1K3sMPCIAd_TyEVryRhP1FWrHNVmvEYuBYYmWmYsy7-mHEVnjcvPvcQP1EzrHEOTHEYPW0YnjbznWcYnjczTED1PjN3nHbLnjNLn1D1nTDvnjTknjTKPWTknjTkTH0knHnYTHDKnHN1nWmLrHTzn1mkrED3TNujsgKWsyQG0Lw_uyuYTHDKn97hmyOMmv66U-tznjD3njNQP7qBmgP-xjDKsHDKTHcYrHDQrHNzrHDOP1NLP9DkTHDQnWc3rWcknjKxPjTknTDQTyRBnHndm1-6syELPvmVPANLmBdBmWDdsHKhPvP6mHckPHI6nTDzPjbLnj0QrjnvPWDkrj9KnWEOP1TLnH91PWEzPWEkTEDYnW9zTHDKni3kTEDVTEDKpZwY0jCfsvFJsWN3shPfUiqkpyOkmy-MUvOMXgNf0A3fnBt4Uy-80ZFGmvNqnWTkn7tYnjTkTEDQnWE8nWTdsWDQra3QnHEKnT78IyQ_THD8nTDYnW9zTgVqTHDknjTvTyw-PWT1PH7-nvn3uW93PhN
【合租】四惠 远洋天地 3室主卧,远洋天地,3500,http://bj.58.com///legoclick.58.com/cpaclick?target=pZwY0jCfsvFJsWN3shPfUiqkpyOkmy-MUvOMXgNfn1EkrHEdrHnzn1NOnju3sMPCIAd_TyEVryRhP1FWrHNVmvEYuBYYmWmYsy7-mHEVnjcvPvcQP1EzrHEOTHEYPW0Ynj9LrH0Qn1NkTED1PjTOPjNOn1c1PHbkP9DvnjTknjTKPWTknjTkTH0knHnYTHDKnHN1nWmLrHTzn1mkrEDOTNujsgKWsyQG0Lw_uyuYTHDKn97hmyOMmv66U-tznjD3njNQP7qBmgP-xjDKsHDKTHcYrHDQPHDYrHNdPjmOP9DkTHDQnWc3rWcknjKxPjTknTDQTHwbmvuBnWI-syEYnjmVPjnYPzYOnHczsH76PjTkPWb3uW9knTDzPjbQnHNzrHTQP1bvnj9KnWEOnHDdnWbknHmznH9YTEDYnW9zTHDKni3kTEDVTEDKpZwY0jCfsvFJsWN3shPfUiqkpyOkmy-MUvOMXgNf0A3fnBt4Uy-80ZFGmvNqnWTkn7tYnjTkTEDQnWE8nWTdsWDQra3QnHEKnT78IyQ_THD8nTDYnW9zTgVqTHDknjTvTHcOuhu6Pjc3nWD3rHELm1N
【合租】北苑 来北家园 3室次卧,来北家园,2450,http://bj.58.com///legoclick.58.com/cpaclick?target=pZwY0jCfsvFJsWN3shPfUiqkpyOkmy-MUvOMXgNfn1EdP1TzPH9QPjDQn1P3sMPCIAd_TyEVryRhP1FWrHNVmvEYuBYYmWmYsy7-mHEVnjcvPvcQP1EzrHEOTHEYPW0Ynj93nHb3PW03TED1PjNLnjcdrjDYnHD1nkDvnjTknjTKPWTknjTkTH0knHnYTHDKnHN1nWmLrHTzn1mkrEDQnT7AEzdkmzd_pgPYUARhITDQTHcKuh78uvPCmyOxnWTQrjTdnHwxmh71ugkQTiYQTEDzPjbQnHNQrHmQPjDdrjEKnTDQnHczrjCznjTkg1EknjTKnEDYPhn3Pj76PBdbnH6BsHEzrH9VrAD1PzYQnW9kuWbOPjKhnjNKnWEOnHDdP1cdnjTLrjbvTHcYrHDQPH0zPjb3PWn3PEDKPjc3n9DQTHD8nTDKsEDKTy6YIZTlszqBpB3draOWUvYf0A-80A7Guvq8uL-dsLK8s1cf5vdGUMKzpyP-5HcknjKxPjTknTDKnHcYsWckPi3QnH98nHDYTHTKUMR_UTDQsWTKPjc3n97exEDQnjTkP976ry7hPA7WnywWmWDLrAE1
【合租】北关 西富河园小区 3室主卧,西富河园小区,2260,http://bj.58.com///legoclick.58.com/cpaclick?target=pZwY0jCfsvFJsWN3shPfUiqkpyOkmy-MUvOMXgNfn1DLnW91P1cOPjn3nju3sMPCIAd_TyEVryRhP1FWrHNVmvEYuBYYmWmYsy7-mHEVnjcvPvcQP1EzrHEOTHEYPW0Ynj9LrH0Qn1NkTED1nH0zrjnLnWbYn19kP9DvnjTknjTKPWTknjTkTH0knHnYTHDKnHN1nWmLrHTzn1mkrEDQnE7AEzdkmzd_pgPYUARhITDQTHcKuh78uvPCmyOxnWTQrjTdnHwxmh71ugkQTiYQTEDzPjbQnHNQPjbdPHEvrHmKnTDQnHczrjCznjTkg1EknjTKnE7Bm1F6rHFbmzYLmvndsHwBPHDVmhwhnzYzuWNQmyP6uHnvPvDKnWEOnHDdnH0YnWcLrH0vTHcYrHDQPHDLPjckrHNYPTDKPjc3n9DQTHD8nTDKsEDKTy6YIZTlszqBpB3draOWUvYf0A-80A7Guvq8uL-dsLK8s1cf5vdGUMKzpyP-5HcknjKxPjTknTDKnHcYsWckPi3QnH98nHDYTHTKUMR_UTDQsWTKPjc3n97exEDQnjTkP976mvRBmvmvmWKBnWFWnhDd
【合租】常营 北辰福第北区 3室主卧,北辰福第北区,2430,http://bj.58.com///legoclick.58.com/cpaclick?target=pZwY0jCfsvFJsWN3shPfUiqkpyOkmy-MUvOMXgNfn1Dvn19YrjcQP19LPWI3sMPCIAd_TyEVryRhP1FWrHNVmvEYuBYYmWmYsy7-mHEVnjcvPvcQP1EzrHEOTHEYPW0Ynj9LrH0Qn1NkTED1nHm1rjE3nWDLrj0vPkDvnjTknjTKPWTknjTkTH0knHnYTHDKnHN1nWmLrHTzn1mkrEDQn97AEzdkmzd_pgPYUARhITDQTHcKuh78uvPCmyOxnWTQrjTdnHwxmh71ugkQTiYQTEDzPjbQnHNQPjbdPHEvrHmKnTDQnHczrjCznjTkg1EknjTKnEDLrHTOuHckuBdWuHK-sHE3PvEVmhP6riYzrHmOrAEznhEOPANKnWEOnHDdnHm3njcdPWT3THcYrHDQPHDvrjTkPWDdn9DKPjc3n9DQTHD8nTDKsEDKTy6YIZTlszqBpB3draOWUvYf0A-80A7Guvq8uL-dsLK8s1cf5vdGUMKzpyP-5HcknjKxPjTknTDKnHcYsWckPi3QnH98nHDYTHTKUMR_UTDQsWTKPjc3n97exEDQnjTkP97WnjK6nj93PvcknhEvnHcQ
【合租】成寿寺 中海城圣朝菲 4室主卧,中海城圣朝菲,2720,http://bj.58.com///legoclick.58.com/cpaclick?target=pZwY0jCfsvFJsWN3shPfUiqkpyOkmy-MUvOMXgNfn1nOrHN1nHEYrHTYnWw3sMPCIAd_TyEVryRhP1FWrHNVmvEYuBYYmWmYsy7-mHEVnjcvPvcQP1EzrHEOTHEYPW0Ynj9LrH0Qn1NkTED1n1bOPHnQPjEOnjEzPTDvnjTknjTKPWTknjTkTH0knHnYTHDKnHN1nWmLrHTzn1mkrEDQnk7AEzdkmzd_pgPYUARhITDQTHcKuh78uvPCmyOxnWTQrjTdnHwxmh71ugkQTiYQTEDzPjbQnHNQPjbdPHEvrHmKnTDQnHczrjCznjTkg1EknjTKnE76P1PBnjczmzdbryFhsHEdPjTVrH9draYvP1bQuHEOnH93uhnKnWEOnHDdnWmLnHnQPjDvTHcYrHDQPHcvP1DkrH9OP9DKPjc3n9DQTHD8nTDKsEDKTy6YIZTlszqBpB3draOWUvYf0A-80A7Guvq8uL-dsLK8s1cf5vdGUMKzpyP-5HcknjKxPjTknTDKnHcYsWckPi3QnH98nHDYTHTKUMR_UTDQsWTKPjc3n97exEDQnjTkP9Dduy7BnHcQPh76PyDYnAwb
【合租】中仓 西营前街小区 3室次卧,西营前街小区,2220,http://bj.58.com///legoclick.58.com/cpaclick?target=pZwY0jCfsvFJsWN3shPfUiqkpyOkmy-MUvOMXgNfn1c1nHmvrjcdrjNOn1R3sMPCIAd_TyEVryRhP1FWrHNVmvEYuBYYmWmYsy7-mHEVnjcvPvcQP1EzrHEOTHEYPW0Ynj9LrH0Qn1NkTED1nWnQPWm3nWN3PHb1PEDvnjTknjTKPWTknjTkTH0knHnYTHDKnHN1nWmLrHTzn1mkrEDQPT7AEzdkmzd_pgPYUARhITDQTHcKuh78uvPCmyOxnWTQrjTdnHwxmh71ugkQTiYQTEDzPjbQnHNQPjbdPHEvrHmKnTDQnHczrjCznjTkg1EknjTKnEDQPADOuH93nzYQmy7-sHw-nvNVrADOPaYQPjNQmWmOnjD1n1EKnWEOnHDdnHbYPHnOnjnzTHcYrHDQPHDOPjNznHmQP9DKPjc3n9DQTHD8nTDKsEDKTy6YIZTlszqBpB3draOWUvYf0A-80A7Guvq8uL-dsLK8s1cf5vdGUMKzpyP-5HcknjKxPjTknTDKnHcYsWckPi3QnH98nHDYTHTKUMR_UTDQsWTKPjc3n97exEDQnjTkP976PvwBnvmOrHD3mH6WPj9v
【合租】欢乐谷 官悦欣园(B区) 3室主卧,官悦欣园(B区),2490,http://bj.58.com///legoclick.58.com/cpaclick?target=pZwY0jCfsvFJsWN3shPfUiqkpyOkmy-MUvOMXgNfn1E3njEQrHc3Pj9kPjR3sMPCIAd_TyEVryRhP1FWrHNVmvEYuBYYmWmYsy7-mHEVnjcvPvcQP1EzrHEOTHEYPW0Ynj9LPWEQrj03TED1Pj9kPjDOnW9YrjTYPEDvnjTknjTKPWTknjTkTH0knHnYTHDKnHN1nWmLrHTzn1mkrEDQPE7AEzdkmzd_pgPYUARhITDQTHcKuh78uvPCmyOxnWTQrjTdnHwxmh71ugkQTiYQTEDzPjbQnHNzrHNznWbOPWTKnTDQnHczrjCznjTkg1EknjTKnE7WnHRhrymOPadhPyNvsHEQuWbVmWbQmidbrjwhujNzP16bPAEKnWEOrjcLnj03rjbYPWTkTHcYrH9zP1TLrj9LrjcQP9DKPjc3n9DQTHD8nTDKsEDKTy6YIZTlszqBpB3draOWUvYf0A-80A7Guvq8uL-dsLK8s1cf5vdGUMKzpyP-5HcknjKxPjTknTDKnHcYsWckPi3QnH98nHDYTHTKUMR_UTDQsWTKPjc3n97exEDQnjTkP976mWDYPAwhuH9knyRbn1DQ
【整租】远江公寓 运河大街 运河大街店,运河大街,2780-2980,http://bj.58.com///legoclick.58.com/cpaclick?target=pZwY0jCfsvFJsWN3shPfUiqkpyOkmy-MUvOMXgNfn1nLnHmvPHbYnjmOnHP3sMPCIAd_TyEVryRhP1FWrHNVmvEYuBYYmWmYsy7-mHEVnjcvPvcQP1EzrHEOTHEzPHcvrjNzTED1n10QPWmdrHEkPWbQnkDvnjTknjTKPWTknjTkTH0knHnYTHDKnHN1nWmLrHTzn1mkrEDQP97AEzdkmzd_pgPYUARhITDQTHcKuh78uvPCmyOxnWTQrjTdnHwxmh71ugkQTiYQTEDzPHTdn1Ndn1bdrHb1P1mKnTDQnHczrjCznjTkg1EknjTKnEDOuWuBuHDknzdBm1TOsHEzuW0VmWE3uiYOuAwbuywBm1KhPHmKnWNkPHndrjNkP1Dznj93THcdnjN1PH9dnj0knH91n9DKPjc3n9DQTHD8nTDKsEDKTy6YIZTlszqBpB3draOWUvYf0A-80A7Guvq8uL-dsLK8s1cf5vdGUMKzpyP-5HcknjKxPjTknTDKnHcYsWckPi3QnH98nHDYTHTKUMR_UTDQsWTKPjc3n97exEDQnjTkP9DQmW9dPH0zPW0vmvD1mvnk
【合租】崇文门 国瑞城中区 2室主卧,国瑞城中区,2700,http://bj.58.com///legoclick.58.com/cpaclick?target=pZwY0jCfsvFJsWN3shPfUiqkpyOkmy-MUvOMXgNfn1c3nWNQnHNznjbknju3sMPCIAd_TyEVryRhP1FWrHNVmvEYuBYYmWmYsy7-mHEVnjcvPvcQP1EzrHEOTHEYPW0YnjbznWcYnjczTED1nW9zPHDQPHckrHTkP9DvnjTknjTKPWTknjTkTH0knHnYTHDKnHN1nWmLrHTzn1mQnTDQPk7AEzdkmzd_pgPYUARhITDQTHcKuh78uvPCmyOxnWTQrjTdnHwxmh71ugkQTiYQTEDzPjbQnHbdnWbQrH0dP1mKnTDQnHczrjCznjTkg1EknjTKnE7bPH7BuWN3miYLmvR6sHwhPHEVrycvmzYkmHcOm1NLPH0QmWnKnWEOPHnzPjbzPj9LP1DzTHcYrHN1nWEOnWELn1nvnTDKPjc3n9DQTHD8nTDKsEDKTy6YIZTlszqBpB3draOWUvYf0A-80A7Guvq8uL-dsLK8s1cf5vdGUMKzpyP-5HcknjKxPjTknTDKnHcYsWckPi3QnH98nHDYTHTKUMR_UTDQsWTKPjc3n97exEDQnjTkP9DznjbYnWwhnjDOnvcYPWmd
【合租】崇文门 国瑞城中区 2室主卧,国瑞城中区,2500,http://bj.58.com///legoclick.58.com/cpaclick?target=pZwY0jCfsvFJsWN3shPfUiqkpyOkmy-MUvOMXgNfn1nvrjNdnjEvnjT3rHI3sMPCIAd_TyEVryRhP1FWrHNVmvEYuBYYmWmYsy7-mHEVnjcvPvcQP1EzrHEOTHEYPW0YnjbznWcYnjczTED1n1m3PHNkPjmknj9OPkDvnjTknjTKPWTknjTkTH0knHnYTHDKnHN1nWmLrHTzn1mQnTDQrT7AEzdkmzd_pgPYUARhITDQTHcKuh78uvPCmyOxnWTQrjTdnHwxmh71ugkQTiYQTEDzPjbQnHbdnWbQrH0dP1mKnTDQnHczrjCznjTkg1EknjTKnEDOuj7WPHRhraYOnHNvsHEYuAcVrjR6nzYQmhm3mHmLuWK6m1nKnWEOPHnYnHDzPjN3P10vTHcYrHN1PjDQnWEYPHEYrTDKPjc3n9DQTHD8nTDKsEDKTy6YIZTlszqBpB3draOWUvYf0A-80A7Guvq8uL-dsLK8s1cf5vdGUMKzpyP-5HcknjKxPjTknTDKnHcYsWckPi3QnH98nHDYTHTKUMR_UTDQsWTKPjc3n97exEDQnjTkP9D3rjTkuWu6P10Ynvu-uADk
【合租】崇文门 新景家园西区 2室次卧,新景家园西区,2200,http://bj.58.com///legoclick.58.com/cpaclick?target=pZwY0jCfsvFJsWN3shPfUiqkpyOkmy-MUvOMXgNfn1c3rH9Qn1cdn1TQnWR3sMPCIAd_TyEVryRhP1FWrHNVmvEYuBYYmWmYsy7-mHEVnjcvPvcQP1EzrHEOTHEYPW0YnjbznWcYnjczTED1nW9OrjD1nWN1njDzPEDvnjTknjTKPWTknjTkTH0knHnYTHDKnHN1nWmLrHTzn1mQnTDQrE7AEzdkmzd_pgPYUARhITDQTHcKuh78uvPCmyOxnWTQrjTdnHwxmh71ugkQTiYQTEDzPjbQnHbdnWbQrH0dP1mKnTDQnHczrjCznjTkg1EknjTKnE7WPARWm1TvnBd-P1RhsHE1PvNVmhFhuid6nhRBPvRWmWnYPj9KnWEOPHn3PjbzPWDLP1NzTHcYrHN1rjEOnWmknHndn9DKPjc3n9DQTHD8nTDKsEDKTy6YIZTlszqBpB3draOWUvYf0A-80A7Guvq8uL-dsLK8s1cf5vdGUMKzpyP-5HcknjKxPjTknTDKnHcYsWckPi3QnH98nHDYTHTKUMR_UTDQsWTKPjc3n97exEDQnjTkP97Bm1RWnj--rjIWnjKhmvnL
【合租】洋桥 马家堡路80号院 3室主卧,马家堡路80号院,2500,http://bj.58.com///legoclick.58.com/cpaclick?target=pZwY0jCfsvFJsWN3shPfUiqkpyOkmy-MUvOMXgNfn1cLn1mLPWTzrjmLrHR3sMPCIAd_TyEVryRhP1FWrHNVmvEYuBYYmWmYsy7-mHEVnjcvPvcQP1EzrHEOTHEYPW0Ynj9LrH0Qn1NkTED1nW01PW0vnjc3PW0OPEDvnjTknjTKn1DKP1TQn1EKnEDQPHnzPW0Onjc1PWDkTHckTNujsgKWsyQG0Lw_uyuYTHDKn97hmyOMmv66U-tznjD3njNQP7qBmgP-xjDKsHDKTHcYrHDQPHDYrHNdPjmOP9DkTHDQnWc3rWcknjKxPjTknTDQTHIbP1P-nHDYsHndujNVPAD1raY3PjnzsyN3rAN1nhE1PhR6PEDzPjbQnHNYPWNzPH0OrHcKnWEOnHDdPjmdnWEQPWT3TEDYnW9zTHDKni3kTEDVTEDKpZwY0jCfsvFJsWN3shPfUiqkpyOkmy-MUvOMXgNf0A3fnBt4Uy-80ZFGmvNqnWTkn7tYnjTkTEDQnWE8nWTdsWDQra3QnHEKnT78IyQ_THD8nTDYnW9zTgVqTHDknjTvTHuWP16Wn1P6rjDkuhcOuWE
